{
	"credit": "Made with Blockbench",
	"texture_size": [64, 64],
	"textures": {
		"0": "current_regulator:PCB",
		"1": "current_regulator:PCB_2",
		"2": "current_regulator:4004",
		"3": "current_regulator:D1D2R1",
		"4": "current_regulator:Capacitance",
		"5": "current_regulator:AH8966A",
		"6": "current_regulator:D3",
		"7": "current_regulator:Capacitance2",
		"8": "current_regulator:AH8966A2",
		"9": "current_regulator:TL431",
		"particle": "current_regulator:PCB"
	},
	"elements": [
		{
			"name": "PCB",
			"from": [4, 0.1, 4],
			"to": [12, 0.15, 12],
			"rotation": {"angle": 0, "axis": "y", "origin": [12, 8, 12]},
			"faces": {
				"north": {"uv": [0, 0, 2, 0.0375], "texture": "#0"},
				"east": {"uv": [0, 0, 2, 0.0375], "texture": "#0"},
				"south": {"uv": [0, 0, 2, 0.0375], "texture": "#0"},
				"west": {"uv": [0, 0, 2, 0.0375], "texture": "#0"},
				"up": {"uv": [0, 4, 12, 16], "texture": "#0"},
				"down": {"uv": [0, 4, 12, 16], "texture": "#0"}
			}
		},
		{
			"name": "PCB_2",
			"from": [4, 0, 4],
			"to": [12, 0.1, 12],
			"rotation": {"angle": 0, "axis": "y", "origin": [12, 8, 12]},
			"faces": {
				"north": {"uv": [0, 0, 2, 0.0375], "texture": "#1"},
				"east": {"uv": [0, 0, 2, 0.0375], "texture": "#1"},
				"south": {"uv": [0, 0, 2, 0.0375], "texture": "#1"},
				"west": {"uv": [0, 0, 2, 0.0375], "texture": "#1"},
				"up": {"uv": [0, 4, 12, 16], "texture": "#1"},
				"down": {"uv": [0, 4, 12, 16], "texture": "#1"}
			}
		},
		{
			"name": "4004",
			"from": [4.5, 0.15, 4.3],
			"to": [6.5, 0.45, 5.5],
			"rotation": {"angle": 0, "axis": "y", "origin": [12, 8, 12]},
			"faces": {
				"north": {"uv": [0, 0, 16, 2.574], "texture": "#2"},
				"east": {"uv": [0, 0, 8.54975, 2.57475], "texture": "#2"},
				"south": {"uv": [0, 0, 16, 2.57475], "texture": "#2"},
				"west": {"uv": [0, 0, 8.54975, 2.57475], "texture": "#2"},
				"up": {"uv": [0, 8, 16, 16], "texture": "#2"},
				"down": {"uv": [0, 0, 0.5, 0.3], "texture": "#2"}
			}
		},
		{
			"name": "D1",
			"from": [4.6, 0.15, 10.65],
			"to": [4.85, 0.25, 11.5],
			"rotation": {"angle": 0, "axis": "y", "origin": [12, 8, 18]},
			"faces": {
				"north": {"uv": [0, 0, 0.0625, 0.025], "texture": "#3"},
				"east": {"uv": [0, 0, 0.2125, 0.025], "texture": "#3"},
				"south": {"uv": [0, 0, 0.0625, 0.025], "texture": "#3"},
				"west": {"uv": [0, 0, 0.2125, 0.025], "texture": "#3"},
				"up": {"uv": [9.25, 0, 15.8125, 14.2125], "texture": "#3"},
				"down": {"uv": [0, 0, 0.0625, 0.2125], "texture": "#3"}
			}
		},
		{
			"name": "Capacitance",
			"from": [5.5, 0.15, 6.1],
			"to": [6.75, 2.55, 7.35],
			"rotation": {"angle": 0, "axis": "y", "origin": [13, 8, 14]},
			"faces": {
				"north": {"uv": [0, 0, 9.8125, 15.8495], "texture": "#4"},
				"east": {"uv": [0, 0, 9.8125, 15.8495], "texture": "#4"},
				"south": {"uv": [0, 0, 9.8125, 15.8495], "texture": "#4"},
				"west": {"uv": [0, 0, 9.8125, 15.8495], "texture": "#4"},
				"up": {"uv": [9.25, 0, 15.8125, 5.0625], "texture": "#4"},
				"down": {"uv": [0, 0, 0.3125, 0.3125], "texture": "#4"}
			}
		},
		{
			"name": "AH8966A",
			"from": [7.65, 0.15, 4.65],
			"to": [10.65, 0.45, 6.5],
			"rotation": {"angle": 0, "axis": "y", "origin": [16, 8, 13]},
			"faces": {
				"north": {"uv": [0, 0, 16, 2.57475], "texture": "#5"},
				"east": {"uv": [0, 0, 9.7125, 2.57475], "texture": "#5"},
				"south": {"uv": [0, 0, 16, 2.57475], "texture": "#5"},
				"west": {"uv": [0, 0, 9.7125, 2.57475], "texture": "#5"},
				"up": {"uv": [0, 7.5, 16, 15.9625], "texture": "#5"},
				"down": {"uv": [0, 0, 0.75, 0.4625], "texture": "#5"}
			}
		},
		{
			"name": "D2",
			"from": [7.8, 0.15, 7.8],
			"to": [9, 0.25, 8.1],
			"rotation": {"angle": 0, "axis": "y", "origin": [16, 8, 16]},
			"faces": {
				"north": {"uv": [0, 0, 0.3, 0.025], "texture": "#3"},
				"east": {"uv": [0, 0, 0.075, 0.025], "texture": "#3"},
				"south": {"uv": [0, 0, 0.3, 0.025], "texture": "#3"},
				"west": {"uv": [0, 0, 0.075, 0.025], "texture": "#3"},
				"up": {"uv": [0, 0, 14.54975, 5.07475], "texture": "#3"},
				"down": {"uv": [0, 0, 0.3, 0.075], "texture": "#3"}
			}
		},
		{
			"name": "D3",
			"from": [10.3, 0.15, 7.4],
			"to": [11.84, 0.35, 8.1],
			"rotation": {"angle": 0, "axis": "y", "origin": [18, 8, 16]},
			"faces": {
				"north": {"uv": [0, 13.5, 10.885, 15.04975], "texture": "#6"},
				"east": {"uv": [0, 13.5, 4.67475, 15.04975], "texture": "#6"},
				"south": {"uv": [0, 13.5, 10.885, 15.04975], "texture": "#6"},
				"west": {"uv": [0, 13.5, 4.67475, 15.04975], "texture": "#6"},
				"up": {"uv": [0, 0, 14.885, 7.92475], "texture": "#6"},
				"down": {"uv": [0, 0, 0.385, 0.175], "texture": "#6"}
			}
		},
		{
			"name": "R1",
			"from": [8.1, 0.15, 9.3],
			"to": [8.4, 0.35, 10.4],
			"rotation": {"angle": 0, "axis": "y", "origin": [15, 8, 18]},
			"faces": {
				"north": {"uv": [0, 0, 0.075, 0.05], "texture": "#3"},
				"east": {"uv": [0, 0, 0.275, 0.05], "texture": "#3"},
				"south": {"uv": [0, 0, 0.075, 0.05], "texture": "#3"},
				"west": {"uv": [0, 0, 0.275, 0.05], "texture": "#3"},
				"up": {"uv": [9.75, 0, 16, 14.025], "texture": "#3"},
				"down": {"uv": [0, 0, 0.075, 0.275], "texture": "#3"}
			}
		},
		{
			"name": "Capacitance2",
			"from": [7, -1.5, 7.1],
			"to": [8.2, 0, 8.1],
			"rotation": {"angle": 0, "axis": "y", "origin": [15, 6, 15]},
			"faces": {
				"north": {"uv": [0, 0, 7.54975, 11.625], "texture": "#7"},
				"east": {"uv": [0, 0, 0.25, 0.375], "texture": "#7"},
				"south": {"uv": [0, 0, 0.3, 0.375], "texture": "#7"},
				"west": {"uv": [0, 0, 0.25, 0.375], "texture": "#7"},
				"up": {"uv": [0, 0, 0.3, 0.25], "texture": "#7"},
				"down": {"uv": [3, 11.5, 9.29975, 15.75], "texture": "#7"}
			}
		},
		{
			"name": "AH8966A2",
			"from": [5, -0.3, 8.3],
			"to": [6.85, 0, 11.3],
			"rotation": {"angle": 0, "axis": "y", "origin": [22, -7, 21.3]},
			"faces": {
				"north": {"uv": [0, 0, 9.7125, 2.57475], "rotation": 180, "texture": "#8"},
				"east": {"uv": [0, 0, 16, 2.57475], "rotation": 180, "texture": "#8"},
				"south": {"uv": [0, 0, 9.7125, 2.57475], "rotation": 180, "texture": "#8"},
				"west": {"uv": [0, 0, 16, 2.57475], "rotation": 180, "texture": "#8"},
				"up": {"uv": [0, 0, 0.75, 0.4625], "rotation": 90, "texture": "#8"},
				"down": {"uv": [0, 7.5, 16, 15.9625], "rotation": 270, "texture": "#8"}
			}
		},
		{
			"name": "TL431",
			"from": [9.4, -0.3, 6.8],
			"to": [11.4, 0, 10.4],
			"rotation": {"angle": 0, "axis": "y", "origin": [17, 7, 15]},
			"faces": {
				"north": {"uv": [0, 0, 0.5, 0.075], "texture": "#9"},
				"east": {"uv": [0, 0, 6.5, 3.32475], "texture": "#9"},
				"south": {"uv": [0, 0, 0.5, 0.075], "texture": "#9"},
				"west": {"uv": [7.5, 0, 15.75, 2.574], "texture": "#9"},
				"up": {"uv": [0, 0, 0.5, 0.9], "texture": "#9"},
				"down": {"uv": [0, 2.25, 7.5, 15.9], "texture": "#9"}
			}
		}
	],
	"gui_light": "front",
	"display": {
		"thirdperson_righthand": {
			"rotation": [64, 141, 0],
			"translation": [0, 4, 2.75],
			"scale": [0.5, 0.5, 0.5]
		},
		"thirdperson_lefthand": {
			"rotation": [64, -140, 0],
			"translation": [0, 4, 2.75],
			"scale": [0.5, 0.5, 0.5]
		},
		"firstperson_righthand": {
			"rotation": [61, 20, 0],
			"translation": [0.25, 8.25, 7.75],
			"scale": [0.8, 0.8, 0.8]
		},
		"firstperson_lefthand": {
			"rotation": [61, 20, 0],
			"translation": [0.25, 8.25, 7.75],
			"scale": [0.8, 0.8, 0.8]
		},
		"ground": {
			"translation": [0, 8.5, 0],
			"scale": [0.8, 0.8, 0.8]
		},
		"gui": {
			"rotation": [90, 0, 0],
			"scale": [1.5, 1.5, 1.5]
		},
		"head": {
			"translation": [0, 14.5, 0.25]
		},
		"fixed": {
			"rotation": [-90, -180, 0],
			"translation": [0, -0.25, -8]
		}
	}
}