{
	"credit": "Made with Blockbench",
	"texture_size": [64, 64],
	"textures": {
		"0": "texture/PCB",
		"1": "texture/PCB_2",
		"particle": "texture/PCB"
	},
	"elements": [
		{
			"name": "PCB",
			"from": [4, 0.1, 4],
			"to": [12, 0.15, 12],
			"rotation": {"angle": 0, "axis": "y", "origin": [12, 8, 12]},
			"faces": {
				"north": {"uv": [0, 0, 2, 0.0375], "texture": "#0"},
				"east": {"uv": [0, 0, 2, 0.0375], "texture": "#0"},
				"south": {"uv": [0, 0, 2, 0.0375], "texture": "#0"},
				"west": {"uv": [0, 0, 2, 0.0375], "texture": "#0"},
				"up": {"uv": [0, 4, 12, 16], "texture": "#0"},
				"down": {"uv": [0, 4, 12, 16], "texture": "#0"}
			}
		},
		{
			"name": "PCB_2",
			"from": [4, 0, 4],
			"to": [12, 0.1, 12],
			"rotation": {"angle": 0, "axis": "y", "origin": [12, 8, 12]},
			"faces": {
				"north": {"uv": [0, 0, 2, 0.0375], "texture": "#1"},
				"east": {"uv": [0, 0, 2, 0.0375], "texture": "#1"},
				"south": {"uv": [0, 0, 2, 0.0375], "texture": "#1"},
				"west": {"uv": [0, 0, 2, 0.0375], "texture": "#1"},
				"up": {"uv": [0, 4, 12, 16], "texture": "#1"},
				"down": {"uv": [0, 4, 12, 16], "texture": "#1"}
			}
		}
	],
	"gui_light": "front",
	"display": {
		"thirdperson_righthand": {
			"rotation": [31, 140, 0],
			"translation": [0, 4.5, 0.5],
			"scale": [0.5, 0.5, 0.5]
		},
		"thirdperson_lefthand": {
			"rotation": [31, -140, 0],
			"translation": [0, 4.5, 0.5],
			"scale": [0.5, 0.5, 0.5]
		},
		"firstperson_righthand": {
			"rotation": [61, 20, 0],
			"translation": [0.25, 8.25, 7.75],
			"scale": [0.8, 0.8, 0.8]
		},
		"firstperson_lefthand": {
			"rotation": [61, 20, 0],
			"translation": [0.25, 8.25, 7.75],
			"scale": [0.8, 0.8, 0.8]
		},
		"ground": {
			"translation": [0, 8.5, 0],
			"scale": [0.8, 0.8, 0.8]
		},
		"gui": {
			"rotation": [90, 0, 0],
			"scale": [1.5, 1.5, 1.5]
		},
		"head": {
			"translation": [0, 14.5, 0.25]
		},
		"fixed": {
			"rotation": [-90, -180, 0],
			"translation": [0, -0.25, -8]
		}
	}
}