{
	"credit": "Made with Blockbench",
	"textures": {
		"0": "solar_plate:plane",
		"1": "solar_plate:plane2",
		"2": "solar_plate:plane3",
		"particle": "solar_plate:plane"
	},
	"elements": [
		{
			"name": "plane",
			"from": [0, 1, 0],
			"to": [16, 7, 16],
			"rotation": {"angle": 0, "axis": "y", "origin": [8, 9, 8]},
			"faces": {
				"north": {"uv": [0, 2, 16, 8], "texture": "#0"},
				"east": {"uv": [0, 7, 16, 13], "texture": "#0"},
				"south": {"uv": [0, 8, 16, 14], "texture": "#0"},
				"west": {"uv": [0, 7, 16, 13], "texture": "#0"},
				"up": {"uv": [0, 0, 15, 14], "texture": "#0"},
				"down": {"uv": [0, 0, 15, 14], "texture": "#0"}
			}
		},
		{
			"name": "plane2",
			"from": [0, 7, 0],
			"to": [16, 8, 16],
			"rotation": {"angle": 0, "axis": "y", "origin": [8, 15, 8]},
			"faces": {
				"north": {"uv": [0, 0, 15, 1], "texture": "#1"},
				"east": {"uv": [0, 0, 15, 1], "texture": "#1"},
				"south": {"uv": [0, 0, 16, 1], "texture": "#1"},
				"west": {"uv": [0, 0, 15, 1], "texture": "#1"},
				"up": {"uv": [0, 0, 16, 16], "texture": "#1", "tintindex": 0},
				"down": {"uv": [0, 0, 16, 16], "texture": "#1"}
			}
		},
		{
			"name": "plane3",
			"from": [0, 0, 0],
			"to": [16, 1, 16],
			"faces": {
				"north": {"uv": [0, 0, 15, 1], "texture": "#2"},
				"east": {"uv": [0, 0, 15, 1], "texture": "#2"},
				"south": {"uv": [0, 0, 15, 1], "texture": "#2"},
				"west": {"uv": [0, 0, 15, 1], "texture": "#2"},
				"up": {"uv": [0, 0, 15, 14], "texture": "#2"},
				"down": {"uv": [0, 0, 15, 14], "texture": "#2"}
			}
		}
	],
	"display": {
		"thirdperson_righthand": {
			"rotation": [57, 45, 0],
			"translation": [0, 1.25, -0.5],
			"scale": [0.25, 0.25, 0.25]
		},
		"thirdperson_lefthand": {
			"rotation": [57, 45, 0],
			"translation": [0, 1.25, -0.5],
			"scale": [0.25, 0.25, 0.25]
		},
		"firstperson_righthand": {
			"rotation": [10, 30, 5],
			"translation": [0, 3.25, 0.5],
			"scale": [0.4, 0.4, 0.4]
		},
		"firstperson_lefthand": {
			"rotation": [10, 30, 5],
			"translation": [0, 3.25, 0.5],
			"scale": [0.4, 0.4, 0.4]
		},
		"ground": {
			"translation": [0, 2.75, 0],
			"scale": [0.3, 0.3, 0.3]
		},
		"gui": {
			"rotation": [29, 45, 0],
			"translation": [0, 2, 0],
			"scale": [0.5, 0.5, 0.5]
		},
		"head": {
			"translation": [0, 8, 0]
		}
	}
}