{
	"credit": "Made with Blockbench",
	"textures": {
		"0": "ODP:ODP",
		"particle": "ODP:ODP"
	},
	"elements": [
		{
			"from": [4, 5, 5],
			"to": [12, 11, 11],
			"rotation": {"angle": 0, "axis": "y", "origin": [12, 13, 13]},
			"faces": {
				"north": {"uv": [0, 9, 9, 16], "texture": "#0"},
				"east": {"uv": [0, 0, 6, 6], "texture": "#0"},
				"south": {"uv": [0, 9, 9, 16], "texture": "#0"},
				"west": {"uv": [9, 0, 16, 7], "texture": "#0"},
				"up": {"uv": [0, 9, 9, 16], "texture": "#0"},
				"down": {"uv": [0, 9, 9, 16], "texture": "#0"}
			}
		}
	],
	"display": {
		"thirdperson_righthand": {
			"rotation": [-16, 0, 55],
			"translation": [0, 1.75, -1.75],
			"scale": [0.5, 0.5, 0.5]
		},
		"thirdperson_lefthand": {
			"rotation": [-16, 0, 55],
			"translation": [0, 1.75, -1.75],
			"scale": [0.5, 0.5, 0.5]
		},
		"firstperson_righthand": {
			"rotation": [0, 100, 1],
			"scale": [0.8, 0.8, 0.8]
		},
		"firstperson_lefthand": {
			"rotation": [0, 100, 1],
			"scale": [0.8, 0.8, 0.8]
		},
		"ground": {
			"translation": [0, 3, 0]
		},
		"gui": {
			"rotation": [26, -55, 0]
		},
		"head": {
			"rotation": [0, 90, 0],
			"translation": [0, 3, -4.5]
		},
		"fixed": {
			"rotation": [0, 90, 0]
		}
	}
}